20,9,5,4,3,2,2,2,1,1
19,8,6,4,2,2,2,1,1,1
17,9,5,4,2,2,2,1,1,1
15,9,5,4,3,2,2,1,1,1
10,8,6,3,3,2,2,1,1,1
9,9,5,3,2,3,2,1,1,1
5,8,5,4,3,2,2,2,1,1
3,8,6,4,3,2,2,2,1,1
1,5,5,4,3,2,2,1,1,1
1,6,4,3,3,2,2,1,1,1
20,9,5,4,3,2,2,1,1,1
18,10,5,4,3,2,2,1,1,1
15,9,5,3,3,2,2,1,1,1
14,7,6,3,3,2,2,2,1,1
10,8,6,4,3,2,2,1,1,1
8,7,6,3,3,2,2,2,1,1
6,6,5,3,3,2,2,1,1,1
5,8,5,4,2,3,2,1,1,1
2,6,4,3,2,3,2,1,1,1
1,7,4,3,3,2,2,1,1,1
20,9,6,3,2,2,2,1,1,1
19,9,5,4,3,2,2,1,1,1
17,9,6,3,3,2,2,1,1,1
14,8,5,4,3,2,2,2,2,1
12,8,5,4,3,2,1,2,1,1
9,8,4,4,3,2,2,1,1,1
4,8,5,4,2,2,1,1,1,1
3,8,4,4,2,2,2,2,1,1
2,5,5,3,3,2,2,1,1,1
0,6,5,3,3,2,2,1,1,1
20,9,5,4,3,2,2,1,1,1
20,9,6,4,3,2,2,1,1,1
19,9,5,4,3,2,2,2,1,1
14,9,5,3,3,2,2,2,1,1
10,8,6,4,3,2,2,1,1,1
7,8,5,3,3,2,2,1,1,1
6,7,5,3,2,3,2,1,1,1
2,7,5,4,3,2,2,1,1,1
1,6,5,3,3,2,2,1,1,1
1,5,5,4,3,2,2,1,1,1
19,9,5,3,3,3,2,1,1,1
19,9,5,4,2,2,2,2,1,1
18,9,5,3,3,2,2,1,1,1
16,9,6,3,3,2,2,2,1,1
13,9,5,4,3,2,2,1,1,1
7,7,6,4,3,2,2,1,1,1
5,8,5,3,3,2,1,1,1,1
2,7,6,4,2,2,1,1,1,1
1,8,5,4,3,2,1,2,1,1
0,7,5,3,3,2,2,1,1,1
19,9,5,4,3,2,2,1,1,1
18,9,6,3,3,2,2,1,1,1
16,8,6,4,3,2,2,1,1,1
14,9,5,4,2,2,1,1,1,1
11,9,4,4,2,2,2,1,1,1
10,8,6,4,3,2,1,1,1,1
6,7,6,3,3,2,1,1,1,1
3,8,5,4,3,2,2,1,1,1
2,7,6,3,3,2,2,1,1,1
1,5,5,3,2,2,1,1,1,1
20,9,6,4,3,2,2,1,1,1
20,8,5,3,3,2,2,2,1,1
17,9,6,4,2,2,2,1,1,1
13,9,6,4,3,2,2,1,1,1
11,9,5,4,3,2,2,1,1,1
8,8,6,4,2,2,2,1,1,1
5,7,5,3,2,2,1,1,1,1
4,8,5,4,3,2,1,2,1,1
2,6,6,3,3,2,2,2,1,1
0,6,5,4,3,2,2,1,1,1
20,8,5,3,3,2,2,1,1,1
19,9,5,4,3,3,2,2,1,1
17,8,6,3,3,3,2,1,1,1
16,9,5,3,3,2,2,1,1,1
11,8,5,4,3,2,2,2,1,1
8,8,5,4,3,2,2,1,1,1
4,9,5,4,3,2,2,1,1,1
3,7,6,4,2,2,2,1,1,1
2,7,5,4,3,2,1,1,1,1
0,8,5,3,2,2,2,1,1,1
20,9,6,4,2,2,2,1,1,1
18,9,5,3,3,2,2,2,1,1
18,9,5,4,3,2,2,1,1,1
14,8,6,4,3,2,2,1,1,1
12,8,6,4,2,2,2,1,1,1
8,8,6,4,2,2,1,1,1,1
5,9,5,3,3,2,2,2,1,1
2,8,5,4,2,2,2,2,1,1
2,8,5,4,3,2,2,2,1,1
1,7,6,4,3,2,2,1,1,1
19,9,6,4,3,2,2,1,1,1
18,9,6,3,3,2,2,1,1,1
16,8,5,3,3,2,2,2,1,1
13,10,5,3,3,2,2,2,1,1
12,8,5,3,3,2,2,1,1,1
8,8,5,4,2,2,2,2,1,1
7,7,6,3,3,2,2,1,1,1
3,6,5,4,2,2,2,2,1,1
2,6,6,4,3,3,2,1,1,1
1,7,5,3,3,2,2,1,1,1
20,9,6,4,3,2,2,2,1,1
20,10,6,4,3,2,2,1,1,1
18,9,5,3,3,2,2,1,1,1
16,7,5,4,2,2,2,1,1,1
11,8,6,4,3,2,2,1,1,1
8,7,5,4,3,2,2,1,1,1
4,9,6,4,2,2,1,1,1,1
2,8,5,4,3,2,2,2,1,1
1,7,4,4,3,2,2,1,1,1
0,6,5,4,3,2,2,1,1,1
19,9,5,3,3,2,2,1,1,1
18,9,4,3,3,2,2,1,1,1
17,8,5,4,3,2,2,1,1,1
15,7,5,4,3,2,2,1,1,1
10,9,6,3,3,2,2,1,1,1
6,7,5,4,3,2,2,1,1,1
5,6,4,3,3,2,1,1,1,1
4,8,4,3,3,2,1,2,1,1
3,6,5,3,2,2,2,1,1,1
1,6,4,3,3,2,2,1,1,1
20,10,6,4,3,3,2,2,1,1
17,10,6,4,2,2,2,1,1,1
16,8,6,5,2,2,2,1,1,1
12,8,5,4,3,2,2,1,1,1
9,9,5,4,3,2,2,1,1,1
8,7,5,3,3,2,2,1,1,1
7,6,5,3,3,2,2,1,1,1
4,8,4,4,2,2,2,1,1,1
3,7,5,3,2,2,1,1,1,1
2,7,5,3,2,2,2,1,1,1
19,9,5,4,3,2,2,1,1,1
19,9,6,4,3,2,2,1,1,1
19,9,5,3,3,2,2,1,1,1
16,8,5,4,3,2,2,2,1,1
14,9,5,4,3,2,2,1,1,1
6,8,6,4,2,2,1,1,1,1
3,9,5,4,3,2,2,1,1,1
2,7,5,4,3,3,2,2,1,1
1,6,6,4,2,2,2,1,1,1
1,7,5,3,3,2,2,2,1,1
20,10,6,4,3,2,2,1,1,1
20,8,5,3,3,2,2,2,1,1
19,9,5,3,3,2,2,2,1,1
14,8,5,4,3,2,2,1,1,1
10,9,5,3,3,2,2,1,1,1
7,7,6,4,3,2,2,1,1,1
4,8,6,3,2,2,2,2,1,1
2,9,5,4,3,3,2,2,1,1
2,7,6,3,3,2,2,1,1,1
1,6,5,4,3,2,2,1,1,1
20,9,6,4,2,2,2,1,1,1
20,9,5,4,2,2,2,1,1,1
19,9,5,3,3,2,2,2,1,1
14,9,6,4,3,2,2,1,1,1
10,8,6,4,3,2,2,2,1,1
8,7,5,4,3,2,2,1,1,1
4,8,6,4,3,3,2,1,1,1
1,5,4,4,3,2,2,1,1,1
1,6,5,3,2,2,2,1,1,1
1,6,5,4,2,2,2,1,1,1
20,9,5,4,3,2,2,1,1,1
19,9,5,3,3,2,2,1,1,1
18,9,5,4,3,2,2,1,1,1
15,9,5,4,3,2,2,1,1,1
10,9,5,3,3,2,2,1,1,1
7,8,5,4,3,2,2,2,1,1
5,8,5,4,2,3,1,1,1,1
2,8,4,3,3,2,2,1,1,1
2,7,4,4,3,2,2,1,1,1
1,4,5,4,3,2,2,1,1,1
19,9,6,4,3,2,1,1,1,1
18,9,4,4,3,2,2,2,1,1
18,8,5,3,3,2,2,2,1,1
15,9,6,4,3,2,1,1,1,1
13,9,6,4,3,2,2,2,1,1
8,8,5,3,3,2,2,2,1,1
6,6,5,4,3,2,2,1,1,1
3,8,5,3,2,2,2,1,1,1
0,7,5,3,3,2,2,1,1,1
0,8,5,4,2,2,2,1,1,1
20,9,6,4,3,2,2,1,1,1
19,8,4,3,3,2,2,1,1,1
17,9,5,4,3,3,2,2,1,1
15,7,5,4,2,2,2,2,1,1
11,9,5,4,3,3,2,2,1,1
7,9,5,4,2,2,2,2,1,1
4,7,5,4,3,2,2,1,1,1
3,7,5,3,3,2,2,2,1,1
2,7,5,3,2,2,2,2,1,1
1,7,5,4,2,3,2,1,1,1
20,9,5,4,3,2,2,1,1,1
18,8,5,4,3,2,2,2,1,1
18,9,4,4,3,2,2,1,1,1
15,9,6,4,2,2,2,1,1,1
11,8,6,4,3,2,2,1,1,1
10,9,6,4,2,2,2,2,1,1
4,9,5,3,3,2,2,1,1,1
2,8,5,3,3,2,2,1,1,1
2,7,5,3,2,2,2,1,1,1
0,7,4,4,3,2,2,2,2,1
20,9,6,4,3,2,2,2,1,1
19,9,5,3,3,2,2,1,1,1
18,10,4,4,3,2,1,1,1,1
16,9,6,3,3,2,2,1,1,1
12,8,5,4,3,2,2,1,1,1
8,7,6,4,3,2,2,1,1,1
4,7,5,3,3,2,2,1,1,1
2,7,5,4,3,2,2,1,1,1
1,7,5,3,2,2,2,1,1,1
0,6,5,3,3,2,2,2,1,1
20,9,5,4,3,2,2,1,1,1
20,9,6,4,3,2,2,2,1,1
19,9,5,4,3,2,2,2,2,1
16,9,5,4,3,2,1,2,1,1
11,8,5,3,2,2,2,1,1,1
6,8,6,3,3,2,2,1,1,1
4,8,5,4,3,2,2,1,1,1
2,7,5,3,2,2,2,1,1,1
2,7,4,4,3,2,2,1,1,1
0,5,5,4,3,2,2,1,1,1
19,9,5,3,3,2,2,2,1,1
19,9,5,4,2,2,2,1,1,1
17,8,5,3,3,3,2,1,1,1
16,9,6,4,3,2,2,1,1,1
12,9,5,3,2,2,1,2,1,1
9,9,5,3,2,2,2,1,1,1
5,8,5,3,2,2,2,2,1,1
2,8,6,3,3,2,2,1,1,1
1,7,5,3,2,2,1,1,1,1
0,6,5,3,2,2,2,1,1,1
20,10,5,3,2,2,2,2,1,1
19,10,5,3,3,3,2,2,1,1
16,9,6,4,3,2,2,2,1,1
15,8,5,4,2,2,2,1,1,1
12,8,6,4,3,2,2,1,1,1
7,8,6,4,3,2,2,1,1,1
5,7,5,4,3,2,2,1,1,1
4,7,5,4,3,2,2,2,1,1
2,7,5,4,3,2,2,1,1,1
0,6,5,3,2,2,2,2,1,1
20,10,5,3,3,2,2,2,2,1
19,9,6,3,2,2,2,1,1,1
18,9,5,3,3,2,2,1,1,1
14,9,5,4,2,2,2,1,1,1
12,8,5,4,3,2,2,2,1,1
8,7,6,3,3,2,2,1,1,1
5,8,4,4,3,2,2,1,1,1
3,9,6,4,3,2,2,1,1,1
1,7,5,4,3,2,2,2,1,1
0,6,5,3,3,2,2,2,1,1
20,10,5,4,3,2,1,1,1,1
19,9,5,4,3,2,2,1,1,1
18,9,5,4,3,2,2,1,1,1
16,9,5,4,2,2,2,1,1,1
12,9,6,3,3,2,2,1,1,1
8,8,6,3,3,2,1,1,1,1
6,7,6,4,3,2,2,1,1,1
1,7,5,3,2,2,2,1,1,1
0,8,5,3,3,2,2,1,1,1
0,7,5,3,2,2,2,2,1,1
20,9,6,4,3,2,2,1,1,1
18,8,5,3,3,3,2,1,1,1
15,9,6,3,2,2,1,1,1,1
13,7,5,4,3,2,2,2,1,1
12,6,6,4,3,2,2,2,1,1
7,7,5,4,3,2,2,1,1,1
4,8,5,4,3,2,2,1,1,1
3,7,6,4,2,2,2,1,1,1
3,7,5,4,3,2,1,1,1,1
2,5,5,3,2,2,1,1,1,1
20,9,6,5,3,2,2,1,1,1
20,8,6,4,3,2,2,2,1,1
18,9,6,4,3,2,2,1,1,1
15,10,5,4,3,2,1,1,1,1
10,7,5,4,2,2,2,2,1,1
7,9,6,4,3,2,2,1,1,1
4,8,6,3,2,2,2,1,1,1
3,9,5,4,3,2,1,2,1,1
2,7,5,4,3,2,2,1,1,1
1,7,5,3,2,2,2,1,1,1
20,9,6,4,3,2,2,2,1,1
20,9,5,4,3,2,2,1,1,1
18,9,5,3,3,2,2,1,1,1
17,8,6,4,3,2,2,2,1,1
11,9,5,4,3,2,2,1,1,1
7,7,6,3,3,2,2,2,1,1
5,8,5,4,3,2,2,1,1,1
1,7,5,4,2,2,2,1,1,1
1,7,5,4,3,2,2,1,1,1
0,7,5,3,3,2,1,1,1,1
20,9,5,3,2,2,2,2,1,1
20,9,5,4,3,2,2,2,1,1
18,10,6,4,3,2,2,1,1,1
14,8,5,4,2,2,2,2,1,1
12,9,5,4,2,2,2,2,1,1
8,9,5,3,2,2,2,1,1,1
3,7,5,4,2,2,2,1,1,1
1,7,5,3,2,2,2,1,1,1
1,9,5,3,3,2,2,2,1,1
1,7,6,4,3,2,2,2,2,1
20,9,6,4,2,2,1,1,1,1
19,9,6,4,2,2,1,1,1,1
15,10,5,3,3,2,2,1,1,1
14,10,5,4,2,2,2,1,1,1
13,8,5,3,2,2,2,1,1,1
7,8,6,3,3,2,2,1,1,1
5,8,6,3,3,2,2,2,1,1
3,7,5,4,3,2,2,1,1,1
2,6,5,3,4,2,2,1,1,1
1,7,5,4,2,2,2,1,1,1
20,9,5,4,3,2,2,1,1,1
20,9,5,3,3,2,2,1,1,1
20,8,5,4,3,2,2,1,1,1
14,10,6,4,3,2,2,2,1,1
10,8,6,4,3,2,2,1,1,1
9,9,6,4,3,2,2,1,1,1
3,9,4,4,3,2,2,1,1,1
2,8,5,4,3,2,2,2,1,1
1,7,5,4,3,2,1,1,1,1
1,6,5,3,3,2,2,2,2,1
20,9,5,4,3,2,1,1,1,1
20,9,5,4,2,2,2,1,1,1
20,9,6,3,2,2,2,1,1,1
14,8,5,4,2,2,2,1,1,1
11,8,6,4,3,2,2,1,1,1
5,9,5,3,3,2,2,1,1,1
3,6,5,3,2,2,2,1,1,1
2,7,4,4,2,2,2,2,1,1
2,7,4,3,3,2,2,1,1,1
1,6,5,3,2,2,2,1,1,1
20,10,6,4,3,2,2,2,1,1
20,9,5,4,3,2,2,1,1,1
19,8,6,3,2,2,2,2,2,1
16,8,5,3,3,2,2,2,1,1
9,8,6,4,3,2,2,1,1,1
7,8,5,4,2,2,2,2,1,1
5,7,6,4,3,2,1,2,1,1
3,8,5,3,3,2,2,1,1,1
1,7,5,4,3,2,2,1,1,1
0,8,6,4,2,2,2,2,1,1
20,9,6,4,3,2,2,1,1,1
20,9,6,4,3,2,2,1,1,1
15,9,5,4,3,2,2,1,1,1
13,9,6,4,3,2,2,1,1,1
11,8,5,4,3,2,2,2,1,1
9,9,4,3,3,2,2,2,1,1
6,10,5,4,3,2,2,2,1,1
4,7,5,4,3,2,1,1,1,1
1,10,5,3,2,2,1,2,2,1
1,7,5,4,3,2,2,1,1,1
20,10,5,4,3,2,2,1,1,1
20,9,5,4,3,2,2,1,1,1
17,9,5,3,3,2,2,1,1,1
15,9,5,4,2,2,2,2,1,1
8,7,6,4,3,2,2,2,1,1
8,7,4,4,3,2,2,1,1,1
6,8,5,3,2,2,2,1,1,1
3,7,6,4,3,2,1,1,1,1
2,6,5,4,2,2,2,1,1,1
1,6,5,4,3,2,2,1,1,1
20,9,5,4,3,2,2,1,2,1
20,9,5,4,3,2,2,1,1,1
18,8,5,4,3,2,2,1,1,1
12,9,5,3,2,2,2,1,1,1
11,9,6,4,3,2,2,1,1,1
9,7,5,4,3,2,2,1,1,1
6,8,5,4,3,2,2,1,1,1
4,7,5,3,2,2,2,2,1,1
0,7,5,4,3,2,2,1,1,1
0,6,5,4,3,2,2,2,1,1
20,8,5,3,2,2,2,1,1,1
19,8,6,4,3,2,2,1,1,1
17,9,5,4,2,2,2,1,1,1
14,9,4,4,3,2,1,1,1,1
12,9,5,4,3,2,2,2,1,1
6,8,5,4,2,2,2,2,1,1
5,8,5,4,3,2,2,2,1,1
3,7,5,3,3,2,2,1,1,1
3,8,5,4,2,2,2,1,1,1
1,7,4,3,3,2,2,2,1,1
20,8,6,4,3,2,2,1,1,1
19,10,6,4,2,2,2,1,1,1
19,9,6,4,2,2,2,2,1,1
15,8,5,3,3,2,2,1,1,1
12,9,6,3,3,2,2,1,1,1
8,9,5,4,3,2,2,1,1,1
4,8,5,4,2,2,2,1,1,1
2,6,5,4,3,2,2,1,1,1
1,7,4,3,2,2,2,1,1,1
0,6,5,3,3,2,2,1,1,1
20,9,5,4,3,2,2,2,2,1
20,9,5,4,2,2,2,2,1,1
20,9,5,3,3,2,2,2,1,1
18,8,5,3,3,2,2,1,1,1
12,9,5,4,3,2,2,1,1,1
7,8,5,4,3,2,2,1,1,1
3,8,6,3,3,2,2,1,1,1
0,8,5,3,2,2,2,1,1,1
0,7,5,3,3,2,2,2,1,1
0,6,6,4,3,2,2,1,1,1
20,9,5,4,3,2,2,2,1,1
20,10,6,4,3,2,2,1,1,1
19,8,5,4,3,2,2,2,1,1
16,8,6,3,3,2,2,2,1,1
9,9,6,4,3,2,2,2,1,1
5,8,5,3,3,2,2,1,1,1
3,7,6,4,3,2,2,1,1,1
3,8,6,3,2,2,2,1,1,1
2,9,5,4,3,2,2,1,1,1
1,5,6,3,2,2,2,1,1,1
20,10,5,3,3,2,2,1,1,1
18,8,5,4,3,3,2,2,1,1
18,8,5,3,2,2,2,1,1,1
16,9,5,4,3,2,1,1,1,1
11,8,5,4,3,2,1,1,1,1
8,8,5,4,3,2,2,2,2,1
6,7,5,3,3,2,2,1,1,1
2,8,5,4,3,2,2,1,1,1
1,6,5,3,2,2,2,2,1,1
0,5,4,4,2,2,2,2,1,1
19,8,5,4,2,2,1,1,1,1
18,9,5,3,3,2,2,1,1,1
18,9,5,4,2,2,1,1,1,1
15,8,4,4,2,2,1,1,1,1
13,9,5,4,3,2,2,1,1,1
8,8,4,3,2,2,2,1,1,1
4,8,5,3,3,2,1,1,1,1
2,7,5,3,3,2,2,1,1,1
1,5,5,3,2,2,2,1,2,1
1,6,5,4,3,3,2,2,1,1
20,8,5,4,2,2,2,1,1,1
19,9,6,4,2,2,2,2,1,1
16,8,5,3,3,2,2,2,1,1
14,9,5,4,3,2,2,1,1,1
12,8,5,4,3,2,2,2,1,1
7,7,5,4,3,2,2,2,1,1
5,7,5,4,2,2,2,1,1,1
3,8,5,3,3,2,2,1,1,1
2,8,5,3,2,2,1,1,1,1
1,6,5,3,2,2,1,2,1,1
20,8,6,3,2,2,2,1,1,1
19,9,5,4,2,3,2,1,1,1
18,9,5,4,2,2,2,1,1,1
16,8,5,4,2,2,1,1,1,1
14,9,4,4,3,2,2,1,1,1
8,9,5,3,3,2,2,1,1,1
4,8,5,3,3,2,2,1,1,1
1,7,5,3,2,2,2,1,1,1
0,7,6,3,3,2,2,2,1,1
0,6,5,3,3,2,2,1,1,1
19,9,5,4,3,2,2,2,1,1
19,8,6,3,3,2,1,2,1,1
18,9,6,4,3,2,2,1,1,1
16,9,5,4,3,2,2,1,1,1
12,8,5,4,3,2,1,1,1,1
7,9,5,3,2,2,2,1,1,1
4,7,6,3,3,2,2,2,1,1
1,7,5,3,3,2,1,2,1,1
1,6,6,4,2,2,2,1,1,1
1,4,4,4,2,2,2,1,1,1
20,9,6,3,3,2,2,1,1,1
19,9,6,4,3,2,2,2,1,1
18,9,6,3,3,2,2,2,2,1
12,8,6,3,3,2,2,2,1,1
10,8,5,4,3,2,2,1,1,1
10,7,6,4,3,2,2,2,1,1
5,8,5,4,3,2,2,1,1,1
2,7,5,4,3,2,2,1,1,1
1,8,5,4,3,2,2,1,2,1
1,6,5,4,2,2,2,1,2,1
20,9,6,4,3,2,2,1,1,1
18,10,5,4,3,2,2,1,1,1
17,8,5,4,3,2,2,1,1,1
15,9,6,4,3,2,1,1,1,1
13,8,5,4,3,2,2,2,1,1
9,9,5,3,2,2,1,1,1,1
4,7,5,4,3,2,2,2,1,1
3,7,6,4,3,1,2,2,1,1
1,6,5,4,2,2,2,1,1,1
0,7,4,4,3,2,2,2,1,1
20,9,5,3,3,2,2,1,1,1
20,9,5,3,3,2,2,2,1,1
19,9,5,3,3,2,2,1,1,1
15,9,6,4,2,2,2,1,1,1
13,8,5,4,3,2,2,1,1,1
9,9,5,3,2,2,2,1,1,1
3,8,5,3,3,2,2,2,1,1
1,6,5,4,3,2,2,2,1,1
0,8,4,4,3,2,2,1,1,1
0,7,6,4,2,2,2,1,1,1
20,9,6,4,3,2,2,1,1,1
19,9,4,4,2,2,2,2,1,1
17,10,5,4,3,2,2,1,1,1
14,9,6,4,3,2,2,1,1,1
11,9,5,3,2,2,2,2,1,1
8,9,5,4,3,2,2,2,1,1
7,8,6,4,3,2,1,2,1,1
3,8,5,4,3,2,2,1,1,1
1,6,5,4,3,2,2,1,1,1
0,6,6,3,3,2,1,1,1,1
20,9,6,4,3,2,2,1,1,1
20,9,6,4,3,2,1,1,1,1
20,10,5,3,3,2,2,1,1,1
16,9,5,4,3,2,2,1,1,1
10,10,6,4,3,2,2,2,1,1
9,9,6,3,2,2,2,1,1,1
3,8,5,4,3,2,2,1,1,1
1,8,5,3,3,2,2,1,1,1
1,7,5,4,3,2,1,2,1,1
0,6,5,3,3,2,2,1,1,1
20,9,4,4,3,3,2,1,1,1
19,8,5,4,2,3,2,2,1,1
17,9,5,4,2,2,1,1,1,1
14,9,6,4,3,2,2,1,1,1
12,9,5,4,3,2,2,2,2,1
8,9,5,3,3,2,2,2,1,1
6,8,5,4,3,2,2,1,1,1
3,10,6,4,3,2,2,1,1,1
1,6,5,4,3,2,2,1,1,1
0,5,6,4,3,2,2,1,1,1
20,9,4,4,3,2,2,1,1,1
20,9,5,3,2,2,2,2,1,1
17,8,6,4,3,2,2,1,1,1
13,8,6,3,2,2,2,1,1,1
11,9,4,4,3,2,2,1,1,1
10,8,5,3,3,2,2,1,1,1
5,7,5,4,2,2,2,1,1,1
2,7,5,3,2,2,2,1,1,1
2,7,5,3,2,2,2,1,1,1
0,6,6,3,2,2,2,1,1,1
20,9,6,4,2,2,1,1,1,1
20,9,5,4,2,2,2,1,1,1
19,9,5,4,3,2,1,1,1,1
15,10,6,4,3,2,2,1,1,1
11,9,6,4,3,2,2,1,1,1
9,8,5,4,3,2,2,2,1,1
5,8,5,4,2,2,2,2,1,1
1,7,6,4,3,2,2,1,1,1
0,6,5,4,3,2,2,1,1,1
0,7,5,4,3,2,2,1,1,1
19,9,5,3,2,2,2,2,1,1
19,9,5,3,2,2,2,2,1,1
19,9,5,4,3,2,2,1,1,1
15,8,5,3,3,2,2,1,1,1
11,8,5,4,2,2,2,1,1,1
9,8,5,4,3,2,2,1,2,1
4,9,5,4,3,2,2,2,1,1
2,7,5,4,3,2,2,1,1,1
1,7,5,3,3,2,2,1,1,1
1,7,6,3,3,2,2,1,1,1
20,9,6,4,3,2,2,1,1,1
19,9,5,4,3,2,2,1,1,1
16,9,5,3,3,2,1,1,1,1
12,9,5,4,3,2,2,1,1,1
9,8,5,4,3,2,2,1,1,1
8,8,5,4,3,2,1,1,1,1
7,8,5,5,2,2,2,1,1,1
5,7,4,3,3,2,2,1,1,1
2,7,6,3,3,2,2,2,1,1
1,7,4,3,2,2,2,1,1,1
20,9,6,4,3,2,2,1,1,1
17,9,5,3,3,2,2,2,1,1
16,9,6,4,2,2,2,2,1,1
14,9,5,4,2,2,2,1,1,1
12,8,5,4,2,2,1,1,1,1
8,8,6,4,3,2,2,2,1,1
5,7,5,3,3,3,1,1,1,1
3,6,5,3,3,2,2,2,1,1
2,7,5,3,3,2,2,2,1,1
1,6,5,3,3,2,2,1,1,1
20,9,5,4,3,2,2,2,1,1
19,9,5,3,3,2,1,1,1,1
17,9,5,4,3,2,2,1,1,1
16,9,5,3,2,2,2,1,1,1
14,8,5,4,3,2,2,1,1,1
7,9,6,4,3,2,2,2,1,1
3,8,5,4,2,2,2,1,1,1
2,8,5,3,2,2,2,2,1,1
1,9,6,3,4,2,2,1,1,1
1,7,5,4,2,2,2,2,1,1
20,9,6,4,3,2,2,1,1,1
20,9,5,4,2,3,2,1,1,1
18,9,5,4,3,2,2,1,1,1
16,9,5,3,2,2,2,1,1,1
12,9,6,3,3,2,2,2,1,1
8,8,4,3,3,2,2,1,1,1
6,7,5,4,2,2,2,1,1,1
0,7,6,3,2,2,1,1,1,1
0,8,5,3,3,2,2,1,1,1
0,7,6,4,3,2,2,1,1,1
20,10,6,4,3,2,2,1,1,1
20,10,5,4,2,3,2,2,2,1
19,9,6,3,3,2,2,1,1,1
15,8,5,3,3,2,2,1,1,1
13,9,5,3,2,2,1,2,1,1
6,8,5,4,3,2,2,2,1,1
3,8,5,3,3,2,2,1,1,1
3,7,5,4,3,2,2,1,1,1
1,5,6,4,2,2,2,1,1,1
0,5,5,4,3,2,2,1,1,1
20,9,6,4,3,2,2,1,1,1
20,9,5,4,3,2,2,2,1,1
18,9,5,3,2,2,2,1,1,1
17,9,5,4,3,2,1,1,1,1
11,9,5,4,2,2,2,1,1,1
8,9,6,4,3,2,2,2,1,1
3,7,5,3,3,2,2,1,1,1
2,7,4,3,3,2,2,1,1,1
1,6,5,4,3,2,2,1,1,1
0,6,5,3,3,2,1,2,1,1
20,9,5,4,2,2,2,1,1,1
20,9,6,4,2,2,2,1,1,1
17,9,5,3,3,3,2,1,1,1
15,9,6,4,3,2,2,1,1,1
12,8,5,4,3,2,2,1,1,1
8,8,6,3,3,2,1,1,1,1
5,9,6,3,3,2,2,2,2,1
2,7,5,3,3,2,2,1,1,1
1,6,5,4,2,2,2,1,1,1
0,7,5,4,3,2,1,1,1,1
20,8,6,4,3,2,2,1,1,1
20,9,5,4,2,2,2,1,1,1
20,9,4,4,3,2,2,2,1,1
16,9,6,4,2,2,2,1,1,1
12,9,5,3,2,2,2,2,1,1
7,8,5,3,2,2,2,2,1,1
4,8,5,4,2,2,2,2,1,1
1,9,6,3,2,2,2,1,1,1
0,9,5,3,3,2,1,1,1,1
0,7,5,4,3,2,2,1,2,1
20,10,5,4,3,2,2,2,1,1
20,9,6,4,3,2,2,1,1,1
20,9,5,4,3,2,2,1,1,1
14,9,5,4,3,2,2,1,1,1
11,9,5,3,2,2,2,2,1,1
8,9,5,4,3,2,2,1,1,1
5,8,5,4,3,2,1,1,1,1
1,7,5,4,3,2,2,1,1,1
1,7,5,4,3,2,1,1,1,1
0,7,5,3,3,3,1,1,1,1
20,9,6,4,2,2,2,2,1,1
19,10,5,4,3,2,2,1,1,1
18,8,6,4,3,2,2,2,1,1
17,8,6,3,3,2,2,2,1,1
13,8,6,3,3,2,1,1,1,1
8,9,5,4,2,2,2,1,1,1
3,8,5,3,3,2,2,2,1,1
1,8,5,4,3,2,2,1,1,1
1,7,5,4,3,2,2,2,1,1
0,8,5,4,3,2,2,1,1,1
20,9,6,4,3,2,2,2,1,1
20,9,5,4,3,3,2,1,1,1
20,9,6,3,3,2,2,1,1,1
16,9,6,4,2,2,2,1,1,1
10,9,6,4,3,2,2,2,1,1
6,8,6,3,3,2,2,1,1,1
4,8,5,4,3,2,2,2,1,1
3,8,5,4,3,2,2,1,1,1
1,6,5,4,2,2,1,1,1,1
0,5,5,3,3,2,2,1,1,1
20,9,5,4,3,2,2,1,1,1
19,10,5,4,3,2,2,1,1,1
18,10,5,3,2,2,2,2,1,1
16,9,5,3,3,2,2,1,1,1
10,9,5,4,3,2,2,2,1,1
7,9,4,3,3,2,2,2,1,1
6,8,5,3,3,2,2,1,1,1
2,7,5,4,2,2,1,1,1,1
2,7,5,4,3,2,2,1,1,1
0,5,4,4,3,2,2,1,1,1
19,9,5,4,3,2,1,2,1,1
19,10,4,4,3,2,1,1,1,1
15,9,6,4,3,2,1,1,1,1
14,8,5,4,2,2,2,1,1,1
12,7,6,3,3,2,1,1,1,1
8,8,6,4,3,2,2,1,1,1
6,7,5,4,2,2,2,1,1,1
4,7,4,4,3,2,1,1,1,1
1,5,4,4,2,3,1,1,1,1
1,5,5,4,3,2,2,2,1,1
20,9,6,4,3,2,2,1,1,1
18,9,5,4,2,2,2,1,1,1
17,8,6,3,3,2,2,2,1,1
16,9,6,4,3,2,1,1,1,1
12,9,5,4,3,2,2,1,1,1
11,9,5,4,3,2,2,1,1,1
5,8,5,3,3,2,2,2,1,1
1,8,5,4,2,2,2,1,1,1
0,8,5,4,2,2,2,1,1,1
0,8,5,3,2,2,1,1,1,1
20,10,6,4,3,2,2,2,1,1
19,9,6,4,3,2,2,1,1,1
19,9,5,3,2,2,2,1,1,1
15,9,6,4,3,2,2,1,1,1
11,10,5,3,3,2,2,1,1,1
9,9,5,3,3,2,2,1,1,1
5,8,5,3,3,2,2,1,1,1
1,8,6,4,3,2,2,1,1,1
1,7,6,4,2,2,2,1,1,1
0,6,6,4,3,2,1,1,1,1
19,8,5,3,2,2,2,1,1,1
18,9,5,4,3,2,2,1,1,1
17,9,6,3,2,2,2,1,1,1
13,8,6,4,3,2,2,2,1,1
11,7,5,4,2,2,2,1,1,1
10,8,5,4,2,2,2,1,1,1
8,6,5,3,3,2,1,1,1,1
3,8,5,3,2,2,2,1,1,1
1,7,5,4,2,2,1,1,1,1
0,7,5,3,2,2,2,2,1,1
20,9,4,4,3,2,2,1,1,1
19,9,6,4,3,2,2,1,1,1
18,9,5,4,3,3,2,2,1,1
17,9,5,4,2,2,2,1,1,1
14,9,5,4,3,2,2,2,1,1
8,8,6,4,3,2,2,1,1,1
1,8,5,4,3,2,2,1,1,1
1,8,5,4,2,2,2,1,1,1
1,8,5,3,3,2,1,1,1,1
1,7,5,4,3,2,2,1,1,1
20,9,5,4,2,2,2,1,2,1
19,9,6,3,3,2,2,1,1,1
18,10,5,4,3,2,2,1,2,1
15,9,5,4,3,2,2,1,1,1
11,8,5,3,3,2,2,2,1,1
9,8,5,4,2,2,2,2,1,1
7,8,5,4,3,2,2,1,1,1
1,8,5,4,3,2,2,1,1,1
0,5,4,3,2,2,2,1,2,1
0,7,6,3,3,3,2,1,1,1
19,9,6,4,3,2,2,2,1,1
18,9,5,4,3,2,2,1,1,1
16,9,5,3,2,2,2,1,1,1
14,9,5,3,3,2,2,1,1,1
11,7,6,3,3,2,2,2,1,1
9,8,5,4,2,2,2,2,1,1
6,7,5,4,3,2,2,2,1,1
2,7,5,4,3,2,2,1,1,1
2,7,5,3,2,2,2,1,1,1
2,8,5,4,3,2,2,1,1,1
20,9,5,4,3,2,2,1,1,1
19,9,6,3,2,2,2,2,1,1
18,8,6,3,2,2,2,1,1,1
15,8,5,4,3,2,2,1,1,1
12,8,5,4,2,2,2,1,1,1
7,9,5,3,3,2,2,1,2,1
5,9,5,4,3,2,2,2,1,1
2,7,5,4,3,2,2,1,1,1
1,7,6,4,3,2,2,1,1,1
1,7,5,4,3,2,2,1,1,1
20,10,6,4,3,2,2,2,1,1
20,9,6,3,3,2,2,2,1,1
19,9,6,4,2,2,2,1,1,1
16,8,5,3,3,2,2,1,1,1
11,8,5,3,3,2,2,1,1,1
9,10,5,4,3,2,2,2,1,1
3,8,6,4,2,3,2,1,1,1
1,8,5,4,3,2,2,1,1,1
1,8,5,4,3,2,2,1,1,1
0,7,5,3,3,2,2,2,1,1
20,9,5,4,3,2,2,1,1,1
20,8,5,4,3,2,1,2,1,1
19,8,5,4,3,2,2,2,1,1
15,9,6,4,3,2,2,2,1,1
12,8,5,4,3,2,2,2,1,1
6,8,5,4,3,2,2,1,1,1
4,9,6,3,3,2,2,1,1,1
2,8,6,4,3,2,2,1,1,1
1,8,6,4,3,2,2,2,1,1
1,6,6,4,2,2,2,2,1,1
20,9,5,3,3,2,2,1,1,1
19,9,5,4,3,3,2,1,1,1
18,9,6,4,2,2,2,1,1,1
14,8,5,4,2,2,2,1,1,1
11,9,5,4,3,2,1,1,1,1
9,8,6,4,3,2,2,1,1,1
8,8,5,3,3,2,1,1,1,1
1,8,6,4,3,2,2,2,1,1
0,8,5,4,2,2,2,1,1,1
0,6,5,3,3,2,2,2,1,1
20,9,5,4,3,2,2,1,2,1
20,8,6,3,3,2,2,2,1,1
18,9,6,4,3,3,2,1,1,1
16,10,5,4,3,2,2,1,1,1
10,8,5,4,3,2,2,2,1,1
7,8,5,4,2,2,2,1,1,1
4,8,4,4,3,2,2,1,1,1
2,8,4,3,2,2,1,2,2,1
1,7,5,4,3,2,2,2,1,1
1,8,6,4,3,2,2,1,1,1
19,9,6,4,3,3,2,1,1,1
19,9,5,4,3,2,2,1,1,1
18,9,6,3,3,2,2,1,1,1
14,9,6,4,3,2,2,1,1,1
11,9,5,3,2,2,1,1,1,1
9,10,6,4,3,2,2,2,1,1
6,7,6,4,3,2,2,2,1,1
2,8,5,4,3,2,2,2,1,1
1,7,5,3,3,2,2,1,1,1
1,6,5,4,3,2,2,2,1,1
20,10,6,4,3,2,2,1,1,1
20,9,5,5,3,2,2,1,1,1
18,9,6,4,3,2,2,1,2,1
17,9,5,4,3,2,2,1,1,1
12,8,5,4,2,2,2,2,1,1
7,9,4,3,3,3,2,2,1,1
4,8,5,4,3,2,2,1,1,1
2,8,5,3,3,2,2,2,1,1
0,7,5,3,2,2,2,1,1,1
0,5,5,4,3,2,1,2,1,1
20,10,5,3,3,2,2,1,1,1
18,9,5,3,3,2,1,2,1,1
17,9,6,4,2,2,2,1,1,1
12,9,5,4,3,2,2,1,1,1
10,7,6,3,3,2,2,1,1,1
8,8,5,4,3,2,2,1,1,1
5,8,5,4,2,2,2,1,1,1
4,6,4,4,2,3,2,1,1,1
3,7,5,4,2,2,2,2,1,1
2,5,5,3,3,2,1,2,1,1
20,9,5,4,3,2,2,1,1,1
18,8,6,3,2,2,2,1,1,1
16,8,5,3,2,2,2,2,1,1
14,9,5,3,3,2,1,1,1,1
13,7,5,4,3,2,2,2,1,1
9,9,5,3,3,2,2,1,2,1
4,8,5,3,3,2,2,1,1,1
2,7,5,4,3,3,2,1,1,1
2,7,4,4,3,2,1,1,1,1
1,7,4,4,3,2,2,1,1,1
20,8,6,4,3,2,2,2,1,1
19,9,5,4,3,2,2,2,1,1
19,8,5,4,3,2,2,2,1,1
13,10,5,4,2,2,2,1,1,1
12,9,4,3,3,2,2,1,1,1
9,9,5,4,2,2,1,2,1,1
4,8,5,3,3,2,2,1,1,1
2,7,6,4,2,2,1,2,1,1
2,8,4,4,3,2,2,2,1,1
0,6,5,4,3,2,2,2,1,1
20,10,5,4,2,2,2,2,1,1
20,9,5,4,3,2,2,2,1,1
18,9,5,4,3,2,2,1,1,1
16,9,6,4,3,2,2,1,1,1
11,9,5,4,2,2,2,1,1,1
8,8,5,4,3,2,2,2,1,1
5,8,5,3,3,2,2,2,1,1
1,9,5,3,3,2,2,1,1,1
1,7,5,4,3,2,2,2,1,1
0,7,5,4,3,2,2,1,1,1
20,9,6,3,3,2,2,1,1,1
19,9,4,3,2,2,2,1,1,1
19,8,5,4,3,2,2,1,1,1
16,9,5,4,3,2,2,1,1,1
13,8,5,3,2,2,1,1,1,1
9,9,5,3,3,2,2,1,1,1
3,9,6,4,3,2,2,1,1,1
1,7,5,4,3,2,1,1,1,1
0,7,6,4,2,2,2,1,1,1
0,6,4,4,3,2,2,1,1,1
20,10,5,4,3,2,1,1,1,1
19,9,5,4,3,2,2,2,1,1
19,8,6,4,3,2,2,1,1,1
12,9,6,4,3,2,2,1,1,1
10,8,6,4,2,2,2,2,1,1
8,8,5,3,3,2,2,1,1,1
7,7,6,4,3,2,2,1,1,1
3,7,5,4,3,2,2,1,1,1
1,7,5,4,2,2,2,1,1,1
1,6,4,4,3,2,2,1,1,1
20,10,6,4,3,2,2,2,1,1
20,9,5,4,3,2,2,1,1,1
18,9,6,4,3,2,2,2,1,1
17,10,5,3,3,2,2,1,1,1
12,8,6,4,3,3,2,1,1,1
6,9,6,4,3,2,2,1,1,1
4,8,5,3,3,2,2,2,1,1
2,8,5,4,3,2,2,1,1,1
1,8,5,4,3,2,2,1,1,1
0,5,4,3,3,2,2,1,1,1
20,9,6,4,3,2,2,1,1,1
20,10,6,3,3,2,1,2,1,1
17,8,5,4,2,2,2,1,1,1
14,9,5,4,3,2,2,1,1,1
12,8,6,3,2,2,2,1,1,1
7,8,5,4,3,2,2,2,1,1
4,9,5,4,3,2,1,1,1,1
4,8,4,4,3,2,2,1,1,1
2,7,5,4,3,2,2,2,1,1
0,6,4,4,3,2,1,1,1,1
20,9,6,3,2,2,1,1,1,1
19,9,5,4,3,2,2,2,1,1
17,10,5,4,3,2,2,2,1,1
17,8,5,4,3,2,2,1,1,1
13,8,6,4,2,2,2,1,1,1
10,8,5,4,3,2,2,1,1,1
2,8,5,3,2,2,1,1,1,1
1,7,5,4,3,2,2,1,1,1
1,8,5,4,2,2,2,1,1,1
0,5,6,3,3,2,2,1,1,1
20,9,5,4,3,2,2,1,1,1
19,9,5,3,3,2,2,1,1,1
18,8,5,3,3,2,2,2,1,1
16,8,5,4,3,2,2,1,1,1
7,8,5,4,3,2,2,1,1,1
6,9,5,4,2,2,2,2,1,1
4,8,5,3,2,2,2,1,1,1
2,7,6,3,3,2,2,1,1,1
2,7,6,3,3,2,1,2,1,1
2,6,5,3,3,2,2,1,1,1
20,9,5,3,3,2,2,2,1,1
20,10,6,3,3,2,2,1,1,1
18,9,5,3,3,2,2,1,1,1
17,10,6,4,3,2,2,1,1,1
13,8,5,4,3,2,2,2,1,1
5,8,6,3,2,2,2,1,1,1
4,8,6,4,3,2,1,1,1,1
1,7,4,4,3,2,2,1,1,1
1,7,5,3,2,2,2,1,1,1
1,7,4,3,3,2,2,1,1,1
20,9,6,4,3,2,2,1,1,1
19,9,6,4,2,2,2,2,1,1
16,9,5,4,3,3,1,2,1,1
14,9,5,3,3,2,2,1,1,1
11,9,5,3,3,2,2,1,1,1
9,9,5,3,3,2,2,1,1,1
4,9,4,4,3,2,2,1,1,1
4,7,5,4,3,2,2,2,1,1
2,7,4,4,2,2,2,2,1,1
1,8,5,3,2,2,2,1,1,1
20,9,5,4,3,2,2,2,1,1
20,9,5,4,3,2,2,2,1,1
17,8,6,4,3,2,2,1,1,1
16,9,6,4,3,2,2,2,1,1
11,9,5,4,3,2,2,2,1,1
9,8,5,4,2,2,2,1,1,1
5,8,5,3,3,2,2,1,1,1
2,6,6,3,3,2,2,1,1,1
0,6,6,3,3,2,2,1,1,1
0,5,5,4,3,2,2,1,1,1
20,9,6,4,3,2,2,1,1,1
19,9,5,3,2,2,1,1,1,1
17,9,5,3,3,2,2,1,2,1
16,8,6,3,3,2,2,1,1,1
13,9,6,4,3,2,2,1,1,1
10,9,6,3,3,2,2,1,1,1
4,8,5,4,3,2,2,1,1,1
1,8,5,4,3,2,2,2,1,1
0,6,6,4,3,2,2,1,1,1
0,5,5,3,3,2,2,2,1,1
20,10,5,4,3,2,2,2,2,1
17,9,6,4,3,2,2,2,1,1
15,8,5,4,2,2,1,1,1,1
14,9,5,4,2,2,1,1,1,1
10,9,5,3,3,2,2,1,1,1
10,7,5,3,3,2,1,2,1,1
5,7,5,3,3,2,2,2,1,1
4,8,5,3,3,2,2,1,1,1
3,6,4,4,2,2,1,2,1,1
1,5,4,3,3,2,2,2,1,1
20,9,6,4,3,2,1,1,1,1
20,8,6,3,3,2,2,1,1,1
18,9,6,4,2,2,2,1,1,1
14,9,5,4,3,2,1,2,1,1
13,8,6,4,2,2,2,1,1,1
7,8,5,3,3,3,1,1,1,1
3,8,4,3,2,2,2,2,1,1
2,7,4,3,3,2,2,1,1,1
1,6,5,4,2,2,2,1,1,1
1,9,5,4,2,2,1,2,1,1
20,9,5,4,3,2,1,1,1,1
20,10,6,3,2,2,2,1,1,1
19,8,6,4,3,2,2,1,1,1
18,9,5,4,3,2,2,1,1,1
13,9,5,4,3,2,2,1,1,1
9,9,5,4,3,2,2,2,1,1
1,8,4,3,3,2,1,1,1,1
0,8,5,3,3,2,2,2,1,1
0,7,6,3,3,2,2,1,1,1
0,6,6,4,2,2,1,1,1,1
20,8,6,4,3,2,2,1,1,1
18,8,5,4,3,2,2,1,1,1
17,9,5,3,2,2,2,2,1,1
11,9,5,3,2,2,2,1,1,1
10,7,6,3,3,2,1,1,1,1
8,8,4,3,3,2,2,1,1,1
6,8,5,3,3,2,2,1,1,1
5,7,5,4,2,2,2,2,1,1
4,6,5,4,2,2,2,1,1,1
1,6,5,3,3,2,2,1,1,1
