num_shared_objects_per_tx_1,num_shared_objects_per_tx_2,num_shared_objects_per_tx_3,num_shared_objects_per_tx_4,num_shared_objects_per_tx_5,num_shared_objects_per_tx_6,num_shared_objects_per_tx_7,num_shared_objects_per_tx_8,num_shared_objects_per_tx_9,num_shared_objects_per_tx_10
0,24,62,69,77,79,80,79,80,80
0,15,50,66,77,78,79,80,80,80
0,18,57,66,73,78,79,80,80,80
0,21,55,68,77,78,79,79,80,80
0,7,47,65,71,74,79,80,80,80
0,22,55,66,75,78,80,79,80,80
0,18,58,71,75,78,79,80,80,80
0,5,53,71,73,77,79,80,80,80
0,12,58,66,74,78,80,80,80,80
0,28,58,69,74,79,79,79,80,80
0,17,48,68,72,79,79,79,80,80
0,29,55,67,74,79,79,79,80,80
0,29,60,68,77,78,79,79,80,80
0,24,52,69,72,76,79,80,80,80
0,30,54,69,77,78,79,80,80,80
0,16,63,69,78,78,79,80,80,80
0,15,52,71,72,78,79,79,80,80
0,31,52,69,76,77,79,80,80,80
0,15,54,69,75,78,79,80,80,80
0,13,50,66,73,76,77,78,80,80
0,9,50,64,73,78,79,80,80,80
0,32,61,68,73,79,79,80,80,80
0,26,59,70,77,77,78,80,80,80
0,22,58,71,74,78,78,79,80,80
0,10,46,67,73,77,77,79,80,80
0,17,55,72,76,78,80,80,80,80
0,26,54,70,74,78,79,80,80,80
0,14,52,68,74,78,79,80,80,80
0,23,55,67,74,77,79,80,80,80
0,14,55,68,76,78,78,79,80,80
0,18,51,70,72,78,79,80,80,80
0,20,51,70,72,77,79,79,80,80
0,18,52,71,75,77,79,80,80,80
0,15,44,64,73,76,79,79,80,80
0,16,57,67,73,75,78,80,80,80
0,10,52,70,73,76,79,79,80,80
0,28,54,70,76,78,80,80,80,80
0,9,50,63,75,77,79,80,80,80
0,22,54,70,73,78,78,80,79,80
0,9,48,68,72,74,78,79,80,80
0,18,56,73,76,76,78,80,80,80
0,22,54,68,76,76,77,79,80,80
0,12,50,66,73,77,79,79,80,80
0,23,60,70,76,78,78,79,80,80
0,14,52,68,75,77,79,80,80,80
0,34,61,64,73,78,80,80,80,80
0,18,56,72,70,77,80,80,80,80
0,25,55,70,77,78,79,80,80,80
0,19,51,66,76,77,78,79,80,80
0,11,50,63,71,76,79,78,80,80
0,20,55,68,75,75,80,79,80,80
0,16,52,67,74,78,78,79,80,80
0,10,50,71,75,77,79,80,80,80
0,15,54,69,77,77,78,80,80,80
0,14,53,68,76,77,79,80,80,80
0,27,58,70,76,79,79,80,80,80
0,20,60,71,74,78,79,80,80,80
0,8,49,62,75,75,79,79,80,80
0,12,62,70,75,78,79,80,80,80
0,19,53,68,69,77,78,80,80,80
0,22,54,68,72,78,78,79,80,80
0,32,55,68,76,77,78,79,80,80
0,11,51,64,68,76,78,80,80,80
0,16,49,64,75,79,79,80,80,80
0,15,54,67,72,76,79,80,80,80
0,23,47,70,72,78,79,80,80,80
0,19,59,66,73,77,78,80,80,80
0,17,52,69,75,76,79,80,80,80
0,24,56,75,76,78,79,80,80,80
0,11,50,68,71,75,80,80,80,80
0,28,58,66,77,79,79,80,80,80
0,19,57,66,74,79,79,80,80,80
0,14,46,67,73,76,78,80,80,80
0,17,52,67,76,79,79,80,80,80
0,23,51,69,75,79,78,80,80,80
0,18,49,68,74,78,78,80,80,80
0,8,50,65,72,76,79,80,80,80
0,20,58,68,75,79,79,80,80,80
0,11,55,73,72,74,78,80,80,80
0,20,56,66,76,78,78,80,80,80
0,31,55,69,74,77,78,80,80,80
0,21,56,71,74,77,79,80,80,80
0,19,51,70,74,77,79,80,80,80
0,26,57,71,77,79,79,80,80,80
0,11,46,64,73,78,76,79,80,80
0,14,48,65,74,77,79,80,80,80
0,10,48,62,73,77,78,79,80,80
0,5,49,64,72,77,79,79,80,80
0,1,50,64,75,77,77,79,80,80
0,20,53,65,71,76,78,79,80,80
0,27,59,74,77,78,80,80,80,80
0,23,59,66,75,78,78,80,80,80
0,19,51,67,76,78,79,80,80,80
0,12,52,66,74,76,78,79,80,80
0,21,56,70,72,76,78,80,80,80
0,24,58,73,75,77,79,79,80,80
0,11,54,60,73,79,79,79,80,80
0,22,59,73,77,77,78,80,80,80
0,23,60,70,76,78,80,80,80,80
